{"nm":"Main Scene","ddd":0,"h":1000,"w":1000,"meta":{"g":"@lottiefiles/creator 1.46.2"},"layers":[{"ty":4,"nm":"Layer 2","sr":1,"st":0,"op":750,"ip":0,"hd":false,"ddd":0,"bm":0,"hasMask":false,"ao":0,"ks":{"a":{"a":0,"k":[477.757,481.607,0],"ix":1},"s":{"a":1,"k":[{"o":{"x":0.167,"y":0.167},"i":{"x":0.833,"y":0.833},"s":[100,100,100],"t":0},{"s":[0,0,100],"t":50}],"ix":6},"sk":{"a":0,"k":0},"p":{"a":0,"k":[477.757,481.607,0],"ix":2},"r":{"a":1,"k":[{"o":{"x":0.167,"y":0.167},"i":{"x":0.833,"y":0.833},"s":[0],"t":0},{"s":[720],"t":50}],"ix":10},"sa":{"a":0,"k":0},"o":{"a":1,"k":[{"o":{"x":0.167,"y":0.167},"i":{"x":0.833,"y":0.833},"s":[100],"t":0},{"s":[0],"t":50}],"ix":11}},"shapes":[{"ty":"gr","bm":0,"hd":false,"mn":"ADBE Vector Group","nm":"Group 1","ix":1,"cix":2,"np":2,"it":[{"ty":"sh","bm":0,"hd":false,"mn":"ADBE Vector Shape - Group","nm":"Path 1","ix":1,"d":1,"ks":{"a":0,"k":{"c":false,"i":[[0,0],[106.256,-34.339],[23.972,83.255],[28.184,-13.606],[-9.719,-16.683],[-185.948,55.756],[-3.887,135.735]],"o":[[0,0],[-106.256,34.339],[0,0],[-27.581,13.315],[0,0],[0,0],[3.962,-138.334]],"v":[[200.519,-93.701],[81.305,53.373],[-144.812,-57.419],[-184.01,-79.123],[-188.708,-20.65],[72.559,83.176],[200.519,-94.997]]},"ix":2}},{"ty":"fl","bm":0,"hd":false,"mn":"ADBE Vector Graphic - Fill","nm":"Fill 1","c":{"a":0,"k":[0.3333,0,0],"ix":4},"r":1,"o":{"a":0,"k":100,"ix":5}},{"ty":"tr","a":{"a":0,"k":[0,0],"ix":1},"s":{"a":0,"k":[100,100],"ix":3},"sk":{"a":0,"k":0,"ix":4},"p":{"a":0,"k":[477.757,595.637],"ix":2},"r":{"a":0,"k":0,"ix":6},"sa":{"a":0,"k":0,"ix":5},"o":{"a":0,"k":100,"ix":7}}]},{"ty":"gr","bm":0,"hd":false,"mn":"ADBE Vector Group","nm":"Group 2","ix":2,"cix":2,"np":2,"it":[{"ty":"sh","bm":0,"hd":false,"mn":"ADBE Vector Shape - Group","nm":"Path 1","ix":1,"d":1,"ks":{"a":0,"k":{"c":false,"i":[[0,0],[-106.256,34.339],[-23.972,-83.255],[-28.184,13.606],[9.719,16.683],[185.948,-55.756],[3.887,-135.735]],"o":[[0,0],[106.256,-34.339],[0,0],[27.581,-13.315],[0,0],[0,0],[-3.962,138.334]],"v":[[-200.519,93.701],[-81.305,-53.373],[144.812,57.419],[184.01,79.123],[188.708,20.65],[-72.559,-83.176],[-200.519,94.997]]},"ix":2}},{"ty":"fl","bm":0,"hd":false,"mn":"ADBE Vector Graphic - Fill","nm":"Fill 1","c":{"a":0,"k":[0.3333,0,0],"ix":4},"r":1,"o":{"a":0,"k":100,"ix":5}},{"ty":"tr","a":{"a":0,"k":[0,0],"ix":1},"s":{"a":0,"k":[100,100],"ix":3},"sk":{"a":0,"k":0,"ix":4},"p":{"a":0,"k":[477.757,367.576],"ix":2},"r":{"a":0,"k":0,"ix":6},"sa":{"a":0,"k":0,"ix":5},"o":{"a":0,"k":100,"ix":7}}]}],"ind":1},{"ty":4,"nm":"Layer 1","sr":1,"st":0,"op":750,"ip":0,"hd":false,"ddd":0,"bm":0,"hasMask":false,"ao":0,"ks":{"a":{"a":0,"k":[477.757,481.607,0],"ix":1},"s":{"a":0,"k":[100,100,100],"ix":6},"sk":{"a":0,"k":0},"p":{"a":0,"k":[477.757,481.607,0],"ix":2},"r":{"a":1,"k":[{"o":{"x":0.167,"y":0.167},"i":{"x":0.833,"y":0.833},"s":[0],"t":0},{"s":[720],"t":50}],"ix":10},"sa":{"a":0,"k":0},"o":{"a":0,"k":100,"ix":11}},"shapes":[{"ty":"gr","bm":0,"hd":false,"mn":"ADBE Vector Group","nm":"Group 1","ix":1,"cix":2,"np":2,"it":[{"ty":"sh","bm":0,"hd":false,"mn":"ADBE Vector Shape - Group","nm":"Path 1","ix":1,"d":1,"ks":{"a":0,"k":{"c":false,"i":[[0,0],[106.256,-34.339],[23.972,83.255],[28.184,-13.606],[-9.719,-16.683],[-185.948,55.756],[-3.887,135.735]],"o":[[0,0],[-106.256,34.339],[0,0],[-27.581,13.315],[0,0],[0,0],[3.962,-138.334]],"v":[[200.519,-93.701],[81.305,53.373],[-144.812,-57.419],[-184.01,-79.123],[-188.708,-20.65],[72.559,83.176],[200.519,-94.997]]},"ix":2}},{"ty":"fl","bm":0,"hd":false,"mn":"ADBE Vector Graphic - Fill","nm":"Fill 1","c":{"a":0,"k":[0.3333,0,0],"ix":4},"r":1,"o":{"a":0,"k":100,"ix":5}},{"ty":"tr","a":{"a":0,"k":[0,0],"ix":1},"s":{"a":0,"k":[100,100],"ix":3},"sk":{"a":0,"k":0,"ix":4},"p":{"a":0,"k":[477.757,595.637],"ix":2},"r":{"a":0,"k":0,"ix":6},"sa":{"a":0,"k":0,"ix":5},"o":{"a":0,"k":100,"ix":7}}]},{"ty":"gr","bm":0,"hd":false,"mn":"ADBE Vector Group","nm":"Group 2","ix":2,"cix":2,"np":2,"it":[{"ty":"sh","bm":0,"hd":false,"mn":"ADBE Vector Shape - Group","nm":"Path 1","ix":1,"d":1,"ks":{"a":0,"k":{"c":false,"i":[[0,0],[-106.256,34.339],[-23.972,-83.255],[-28.184,13.606],[9.719,16.683],[185.948,-55.756],[3.887,-135.735]],"o":[[0,0],[106.256,-34.339],[0,0],[27.581,-13.315],[0,0],[0,0],[-3.962,138.334]],"v":[[-200.519,93.701],[-81.305,-53.373],[144.812,57.419],[184.01,79.123],[188.708,20.65],[-72.559,-83.176],[-200.519,94.997]]},"ix":2}},{"ty":"fl","bm":0,"hd":false,"mn":"ADBE Vector Graphic - Fill","nm":"Fill 1","c":{"a":0,"k":[0.3333,0,0],"ix":4},"r":1,"o":{"a":0,"k":100,"ix":5}},{"ty":"tr","a":{"a":0,"k":[0,0],"ix":1},"s":{"a":0,"k":[100,100],"ix":3},"sk":{"a":0,"k":0,"ix":4},"p":{"a":0,"k":[477.757,367.576],"ix":2},"r":{"a":0,"k":0,"ix":6},"sa":{"a":0,"k":0,"ix":5},"o":{"a":0,"k":100,"ix":7}}]}],"ind":2}],"v":"5.7.0","fr":25,"op":51,"ip":0,"assets":[]}