{"tgs":1,"v":"5.5.2","fr":30,"ip":0,"op":90,"w":512,"h":512,"nm":"Untitled-2","ddd":0,"assets":[],"layers":[{"ddd":0,"ind":1,"ty":3,"nm":"Null 2","parent":2,"sr":1,"ks":{"o":{"a":0,"k":0},"p":{"a":1,"k":[{"i":{"x":0.5,"y":1},"o":{"x":0.5,"y":0},"t":0,"s":[50,24.476,0],"to":[0,-0.089,0],"ti":[0,0,0]},{"i":{"x":0.5,"y":1},"o":{"x":0.5,"y":0},"t":45,"s":[50,23.944,0],"to":[0,0,0],"ti":[0,-0.089,0]},{"t":89,"s":[50,24.476,0]}]},"a":{"a":0,"k":[50,50,0]},"s":{"a":0,"k":[27.543,9.838,100]}},"ao":0,"ip":0,"op":90,"st":0,"bm":0},{"ddd":0,"ind":2,"ty":3,"nm":"Null 1","sr":1,"ks":{"o":{"a":0,"k":0},"p":{"a":1,"k":[{"i":{"x":0.5,"y":1},"o":{"x":0.5,"y":0},"t":0,"s":[257.068,260,0],"to":[0,-6.667,0],"ti":[0,0,0]},{"i":{"x":0.5,"y":1},"o":{"x":0.5,"y":0},"t":45,"s":[257.068,220,0],"to":[0,0,0],"ti":[0,-6.667,0]},{"t":89,"s":[257.068,260,0]}]},"a":{"a":0,"k":[50,50,0]},"s":{"a":0,"k":[363.066,376.11,100]}},"ao":0,"ip":0,"op":90,"st":0,"bm":0},{"ddd":0,"ind":3,"ty":4,"nm":"s Outlines","parent":2,"sr":1,"ks":{"p":{"a":0,"k":[49.706,49.134,0]},"a":{"a":0,"k":[256,256,0]},"s":{"a":0,"k":[27.543,26.588,100]}},"ao":0,"shapes":[{"ty":"gr","it":[{"ind":0,"ty":"sh","ks":{"a":0,"k":{"i":[[-0.047,0.979],[-0.048,0.156],[1.207,1.859],[0.064,-0.029],[0.375,-3.103],[-2.957,-1.79],[-4.628,-0.847],[-1.123,-0.27],[1.889,2.892]],"o":[[0.008,-0.167],[-1.412,-2.167],[-0.062,0.026],[-3.237,1.466],[-0.369,3.062],[1.772,1.08],[2.898,0.564],[-2.056,-3.149],[-1.338,-0.561]],"v":[[1.182,0.174],[1.272,-0.309],[-5.743,-11.533],[-3.289,-6.34],[-8.639,0.433],[-4.691,7.924],[3.29,10.355],[9.008,11.533],[3.085,2.469]],"c":true}},"nm":"Path 1","hd":false},{"ty":"fl","c":{"a":0,"k":[0.1450980392156863,0.3215686274509804,0.5333333333333333,1]},"o":{"a":0,"k":100},"r":1,"bm":0,"nm":"Fill 1","hd":false},{"ty":"tr","p":{"a":0,"k":[250.394,101.035]},"a":{"a":0,"k":[0,0]},"s":{"a":0,"k":[100,100]},"r":{"a":0,"k":0},"o":{"a":0,"k":100},"sk":{"a":0,"k":0},"sa":{"a":0,"k":0},"nm":"Transform"}],"nm":"Group 1","bm":0,"hd":false},{"ty":"gr","it":[{"ind":0,"ty":"sh","ks":{"a":0,"k":{"i":[[0.463,3.585],[3.827,1.885],[3.787,0.643],[0.974,0.354],[0.083,0.035],[-2.142,-3.246],[-0.503,-0.203],[-0.079,-1.443],[0.368,-0.588],[-2.238,-3.43],[-0.086,0.047],[-0.824,0.815]],"o":[[-0.539,-4.178],[-1.981,-0.985],[-5.809,-0.953],[-0.09,-0.034],[1.965,2.977],[0.945,0.229],[1.386,0.542],[0.041,0.766],[1.884,2.863],[0.092,-0.051],[1.113,-0.603],[2.316,-2.327]],"v":[[10.6,-4.283],[4.031,-13.247],[-4.167,-15.565],[-10.949,-16.872],[-11.199,-16.979],[-5.034,-7.642],[-3.038,-7.034],[-0.667,-3.815],[-1.169,-1.778],[11.108,16.979],[5.646,6.541],[7.824,4.827]],"c":true}},"nm":"Path 1","hd":false},{"ty":"fl","c":{"a":0,"k":[0.1450980392156863,0.3215686274509804,0.5333333333333333,1]},"o":{"a":0,"k":100},"r":1,"bm":0,"nm":"Fill 1","hd":false},{"ty":"tr","p":{"a":0,"k":[266.947,122.457]},"a":{"a":0,"k":[0,0]},"s":{"a":0,"k":[100,100]},"r":{"a":0,"k":0},"o":{"a":0,"k":100},"sk":{"a":0,"k":0},"sa":{"a":0,"k":0},"nm":"Transform"}],"nm":"Group 2","bm":0,"hd":false},{"ty":"gr","it":[{"ind":0,"ty":"sh","ks":{"a":0,"k":{"i":[[2.958,0],[1.225,1.416],[0.12,1.626],[0,0],[-0.397,-1.14],[-2.664,-1.442],[-4.853,0],[-2.927,1.474],[1.805,2.773]],"o":[[-2.758,0],[-0.751,-0.93],[0,0],[0.1,2.111],[0.817,2.781],[2.93,1.628],[4.699,0],[-1.905,-2.952],[-0.922,1.416]],"v":[[3.422,-1.49],[-2.801,-3.719],[-3.997,-7.102],[-14.952,-6.204],[-14.324,-1.874],[-9.031,4.514],[3.487,7.102],[14.952,4.859],[9.385,-3.731]],"c":true}},"nm":"Path 1","hd":false},{"ty":"fl","c":{"a":0,"k":[0.1450980392156863,0.3215686274509804,0.5333333333333333,1]},"o":{"a":0,"k":100},"r":1,"bm":0,"nm":"Fill 1","hd":false},{"ty":"tr","p":{"a":0,"k":[253.722,121.984]},"a":{"a":0,"k":[0,0]},"s":{"a":0,"k":[100,100]},"r":{"a":0,"k":0},"o":{"a":0,"k":100},"sk":{"a":0,"k":0},"sa":{"a":0,"k":0},"nm":"Transform"}],"nm":"Group 3","bm":0,"hd":false},{"ty":"gr","it":[{"ind":0,"ty":"sh","ks":{"a":0,"k":{"i":[[-2.582,0],[-0.689,-2.438],[0,0],[1.294,1.176],[5.708,0],[2.497,-1.112],[-1.469,-2.23]],"o":[[3.569,0],[0,0],[-0.876,-2.117],[-2.729,-2.597],[-3.815,0],[1.354,2.071],[0.411,-1.452]],"v":[[-3.438,1.154],[2.556,4.58],[12.66,3.708],[9.798,-0.672],[-3.115,-4.58],[-12.659,-2.865],[-8.424,3.587]],"c":true}},"nm":"Path 1","hd":false},{"ty":"fl","c":{"a":0,"k":[0.1450980392156863,0.3215686274509804,0.5333333333333333,1]},"o":{"a":0,"k":100},"r":1,"bm":0,"nm":"Fill 1","hd":false},{"ty":"tr","p":{"a":0,"k":[262.284,99.115]},"a":{"a":0,"k":[0,0]},"s":{"a":0,"k":[100,100]},"r":{"a":0,"k":0},"o":{"a":0,"k":100},"sk":{"a":0,"k":0},"sa":{"a":0,"k":0},"nm":"Transform"}],"nm":"Group 4","bm":0,"hd":false}],"ip":0,"op":90,"st":0,"bm":0},{"ddd":0,"ind":4,"ty":4,"nm":"eye-left Outlines","parent":2,"sr":1,"ks":{"p":{"a":0,"k":[49.706,49.065,0]},"a":{"a":0,"k":[256,256,0]},"s":{"a":0,"k":[27.543,26.588,100]}},"ao":0,"shapes":[{"ty":"gr","it":[{"ind":0,"ty":"sh","ks":{"a":0,"k":{"i":[[1.3,1.353],[6.618,-0.822],[-0.989,-1.039],[-6.254,-1.961]],"o":[[-6.207,-2.293],[-1.467,1.059],[6.642,-0.98],[1.162,-0.444]],"v":[[9.71,0.22],[-9.543,-1.877],[-10.02,1.268],[9.328,2.699]],"c":true}},"nm":"Path 1","hd":false},{"ty":"fl","c":{"a":0,"k":[0,0,0,1]},"o":{"a":0,"k":100},"r":1,"bm":0,"nm":"Fill 1","hd":false},{"ty":"tr","p":{"a":0,"k":[226.764,173.841]},"a":{"a":0,"k":[0,0]},"s":{"a":0,"k":[100,100]},"r":{"a":0,"k":0},"o":{"a":0,"k":100},"sk":{"a":0,"k":0},"sa":{"a":0,"k":0},"nm":"Transform"}],"nm":"Group 1","bm":0,"hd":false}],"ip":0,"op":90,"st":0,"bm":0},{"ddd":0,"ind":5,"ty":4,"nm":"eye-right Outlines","parent":2,"sr":1,"ks":{"p":{"a":0,"k":[49.706,49.065,0]},"a":{"a":0,"k":[256,256,0]},"s":{"a":0,"k":[27.543,26.588,100]}},"ao":0,"shapes":[{"ty":"gr","it":[{"ind":0,"ty":"sh","ks":{"a":0,"k":{"i":[[-1.301,1.353],[-6.618,-0.822],[0.989,-1.039],[6.254,-1.961]],"o":[[6.206,-2.293],[1.467,1.059],[-6.642,-0.98],[-1.161,-0.444]],"v":[[-9.709,0.22],[9.543,-1.877],[10.02,1.268],[-9.328,2.699]],"c":true}},"nm":"Path 1","hd":false},{"ty":"fl","c":{"a":0,"k":[0,0,0,1]},"o":{"a":0,"k":100},"r":1,"bm":0,"nm":"Fill 1","hd":false},{"ty":"tr","p":{"a":0,"k":[287.033,173.731]},"a":{"a":0,"k":[0,0]},"s":{"a":0,"k":[100,100]},"r":{"a":0,"k":0},"o":{"a":0,"k":100},"sk":{"a":0,"k":0},"sa":{"a":0,"k":0},"nm":"Transform"}],"nm":"Group 1","bm":0,"hd":false}],"ip":0,"op":90,"st":0,"bm":0},{"ddd":0,"ind":6,"ty":4,"nm":"eyebrow-left Outlines","parent":1,"sr":1,"ks":{"p":{"a":0,"k":[48.932,302.73,0]},"a":{"a":0,"k":[256,256,0]},"s":{"a":0,"k":[100,270.27,100]}},"ao":0,"shapes":[{"ty":"gr","it":[{"ind":0,"ty":"sh","ks":{"a":0,"k":{"i":[[-8.357,-2.291],[6.029,-1.509],[0,0],[1.46,-2.189]],"o":[[-2.21,-8.209],[0,0],[0,0],[12.773,-2.564]],"v":[[14.65,4.631],[-14.65,-3.122],[-8.958,0.52],[-13.74,3.934]],"c":true}},"nm":"Path 1","hd":false},{"ty":"fl","c":{"a":0,"k":[0.903317081227,0.903317081227,0.903317081227,1]},"o":{"a":0,"k":100},"r":1,"bm":0,"nm":"Fill 1","hd":false},{"ty":"tr","p":{"a":0,"k":[223.914,157.813]},"a":{"a":0,"k":[0,0]},"s":{"a":0,"k":[100,100]},"r":{"a":0,"k":0},"o":{"a":0,"k":100},"sk":{"a":0,"k":0},"sa":{"a":0,"k":0},"nm":"Transform"}],"nm":"Group 1","bm":0,"hd":false}],"ip":0,"op":90,"st":0,"bm":0},{"ddd":0,"ind":7,"ty":4,"nm":"eyebrow-right Outlines","parent":1,"sr":1,"ks":{"p":{"a":0,"k":[48.932,302.73,0]},"a":{"a":0,"k":[256,256,0]},"s":{"a":0,"k":[100,270.27,100]}},"ao":0,"shapes":[{"ty":"gr","it":[{"ind":0,"ty":"sh","ks":{"a":0,"k":{"i":[[8.356,-2.291],[-6.029,-1.508],[0,0],[-1.46,-2.189]],"o":[[2.21,-8.209],[0,0],[0,0],[-12.773,-2.564]],"v":[[-14.65,4.631],[14.649,-3.123],[8.958,0.519],[13.739,3.934]],"c":true}},"nm":"Path 1","hd":false},{"ty":"fl","c":{"a":0,"k":[0.903317081227,0.903317081227,0.903317081227,1]},"o":{"a":0,"k":100},"r":1,"bm":0,"nm":"Fill 1","hd":false},{"ty":"tr","p":{"a":0,"k":[289.739,158.226]},"a":{"a":0,"k":[0,0]},"s":{"a":0,"k":[100,100]},"r":{"a":0,"k":0},"o":{"a":0,"k":100},"sk":{"a":0,"k":0},"sa":{"a":0,"k":0},"nm":"Transform"}],"nm":"Group 1","bm":0,"hd":false}],"ip":0,"op":90,"st":0,"bm":0},{"ddd":0,"ind":8,"ty":4,"nm":"beard Outlines","parent":2,"sr":1,"ks":{"p":{"a":0,"k":[49.706,49.134,0]},"a":{"a":0,"k":[256,256,0]},"s":{"a":0,"k":[27.543,26.588,100]}},"ao":0,"shapes":[{"ty":"gr","it":[{"ind":0,"ty":"sh","ks":{"a":0,"k":{"i":[[15.889,0],[4.921,3.215],[-0.968,1.181],[-21.308,-0.22],[-4.08,-3.429],[1.141,-0.704]],"o":[[-15.761,0],[-1.279,-0.835],[3.034,-3.701],[21.514,0.222],[1.026,0.862],[-5.143,3.172]],"v":[[-0.007,-25.042],[-33.744,-35.67],[-34.346,-39.447],[-1.513,-49.738],[35.157,-38.923],[34.916,-35.748]],"c":true}},"nm":"Path 1","hd":false},{"ind":1,"ty":"sh","ks":{"a":1,"k":[{"i":{"x":0.833,"y":1},"o":{"x":0.5,"y":0},"t":0,"s":[{"i":[[0,0],[-1.201,5.745],[-7.602,0.868],[0,0],[0,0],[-3.704,20.376],[0,4.01],[0.203,-14.712],[2.114,11.265],[2.92,-56.384],[-12.055,-28.841],[0,5.789],[-0.863,-6.85]],"o":[[-3.041,-16.289],[0,0],[4.122,-0.472],[4.779,7.385],[7.602,-14.335],[1.739,-9.557],[0,0],[9.557,-27.8],[-7.083,-52.873],[0.092,11.889],[-0.484,-9.993],[0,0],[0,0]],"v":[[-29.158,56.505],[-23.511,36.524],[0.815,77.574],[20.796,41.302],[25.792,61.284],[37.954,25.447],[42.951,-1.919],[46.643,24.795],[53.811,-20.968],[-52.153,-22.058],[-44.145,26.316],[-41.973,1.773],[-38.28,19.148]],"c":false}]},{"i":{"x":0.5,"y":1},"o":{"x":0.167,"y":0},"t":45,"s":[{"i":[[0,0],[-1.201,5.745],[-7.602,0.868],[0,0],[0,0],[-3.704,20.376],[0,4.01],[0.203,-14.712],[2.114,11.265],[2.92,-56.384],[-12.055,-28.841],[0,5.789],[-0.863,-6.85]],"o":[[-3.041,-16.289],[0,0],[4.122,-0.472],[4.779,7.385],[7.602,-14.335],[1.739,-9.557],[0,0],[9.557,-27.8],[-7.083,-52.873],[0.092,11.889],[-0.484,-9.993],[0,0],[0,0]],"v":[[-29.158,61.005],[-23.511,41.024],[0.815,82.074],[20.796,45.802],[25.792,65.784],[37.954,29.947],[42.951,2.581],[46.643,29.295],[53.811,-20.968],[-52.153,-22.058],[-44.145,30.816],[-41.973,6.273],[-38.28,23.648]],"c":false}]},{"t":89,"s":[{"i":[[0,0],[-1.201,5.745],[-7.602,0.868],[0,0],[0,0],[-3.704,20.376],[0,4.01],[0.203,-14.712],[2.114,11.265],[2.92,-56.384],[-12.055,-28.841],[0,5.789],[-0.863,-6.85]],"o":[[-3.041,-16.289],[0,0],[4.122,-0.472],[4.779,7.385],[7.602,-14.335],[1.739,-9.557],[0,0],[9.557,-27.8],[-7.083,-52.873],[0.092,11.889],[-0.484,-9.993],[0,0],[0,0]],"v":[[-29.158,56.505],[-23.511,36.524],[0.815,77.574],[20.796,41.302],[25.792,61.284],[37.954,25.447],[42.951,-1.919],[46.643,24.795],[53.811,-20.968],[-52.153,-22.058],[-44.145,26.316],[-41.973,1.773],[-38.28,19.148]],"c":false}]}]},"nm":"Path 2","hd":false},{"ty":"mm","mm":1,"nm":"Merge Paths 1","hd":false},{"ty":"fl","c":{"a":0,"k":[0.903317081227,0.903317081227,0.903317081227,1]},"o":{"a":0,"k":100},"r":1,"bm":0,"nm":"Fill 1","hd":false},{"ty":"tr","p":{"a":0,"k":[256.188,256.025]},"a":{"a":0,"k":[0,0]},"s":{"a":0,"k":[100,100]},"r":{"a":0,"k":0},"o":{"a":0,"k":100},"sk":{"a":0,"k":0},"sa":{"a":0,"k":0},"nm":"Transform"}],"nm":"Group 1","bm":0,"hd":false},{"ty":"gr","it":[{"ind":0,"ty":"sh","ks":{"a":0,"k":{"i":[[20.125,0],[0,0],[-29.213,-0.301],[0,0]],"o":[[-20.126,0],[0,0],[28.315,0.292],[0,0]],"v":[[-1.175,-36.516],[-37.014,-48.603],[-2.681,-61.212],[35.868,-48.603]],"c":true}},"nm":"Path 1","hd":false},{"ind":1,"ty":"sh","ks":{"a":1,"k":[{"i":{"x":0.833,"y":1},"o":{"x":0.5,"y":0},"t":0,"s":[{"i":[[2.114,11.265],[11.985,-45.763],[-12.056,-28.841],[0,5.789],[-0.862,-6.85],[-10.032,-12.245],[-0.059,-0.072],[-1.2,5.745],[-9.551,5.593],[0,0],[0,0],[-2.974,20.495],[0,4.011],[0.203,-14.713]],"o":[[-18.524,-48.76],[0.092,11.889],[-0.485,-9.993],[0,0],[2.437,19.352],[0.059,0.073],[-2.325,-11.53],[0,0],[10.266,-6.009],[3.122,6.475],[11.52,-11.236],[1.322,-9.114],[0,0],[11.505,-28.265]],"v":[[52.643,-32.442],[-53.321,-33.532],[-42.701,26.371],[-43.612,0.168],[-42.187,11.765],[-23.183,61.206],[-23.005,61.424],[-25.9,37.543],[1.304,75.609],[19.038,41.31],[18.232,66.165],[40.427,15.885],[42.78,-5.626],[43.17,24.105]],"c":true}]},{"i":{"x":0.5,"y":1},"o":{"x":0.167,"y":0},"t":45,"s":[{"i":[[2.114,11.265],[11.985,-45.763],[-12.056,-28.841],[0,5.789],[-0.862,-6.85],[-10.032,-12.245],[-0.059,-0.072],[-1.2,5.745],[-9.551,5.593],[0,0],[0,0],[-2.974,20.495],[0,4.011],[0.203,-14.713]],"o":[[-18.524,-48.76],[0.092,11.889],[-0.485,-9.993],[0,0],[2.437,19.352],[0.059,0.073],[-2.325,-11.53],[0,0],[10.266,-6.009],[3.122,6.475],[11.52,-11.236],[1.322,-9.114],[0,0],[11.505,-28.265]],"v":[[52.643,-32.442],[-53.321,-33.532],[-42.701,30.871],[-43.612,4.668],[-42.187,16.265],[-23.183,65.706],[-23.005,65.924],[-25.9,42.043],[1.304,80.109],[19.038,45.81],[18.232,70.665],[40.427,20.385],[42.78,-1.126],[43.17,28.605]],"c":true}]},{"t":89,"s":[{"i":[[2.114,11.265],[11.985,-45.763],[-12.056,-28.841],[0,5.789],[-0.862,-6.85],[-10.032,-12.245],[-0.059,-0.072],[-1.2,5.745],[-9.551,5.593],[0,0],[0,0],[-2.974,20.495],[0,4.011],[0.203,-14.713]],"o":[[-18.524,-48.76],[0.092,11.889],[-0.485,-9.993],[0,0],[2.437,19.352],[0.059,0.073],[-2.325,-11.53],[0,0],[10.266,-6.009],[3.122,6.475],[11.52,-11.236],[1.322,-9.114],[0,0],[11.505,-28.265]],"v":[[52.643,-32.442],[-53.321,-33.532],[-42.701,26.371],[-43.612,0.168],[-42.187,11.765],[-23.183,61.206],[-23.005,61.424],[-25.9,37.543],[1.304,75.609],[19.038,41.31],[18.232,66.165],[40.427,15.885],[42.78,-5.626],[43.17,24.105]],"c":true}]}]},"nm":"Path 2","hd":false},{"ty":"mm","mm":1,"nm":"Merge Paths 1","hd":false},{"ty":"fl","c":{"a":0,"k":[0.873935415231,0.873935415231,0.873935415231,1]},"o":{"a":0,"k":100},"r":1,"bm":0,"nm":"Fill 1","hd":false},{"ty":"tr","p":{"a":0,"k":[257.356,267.499]},"a":{"a":0,"k":[0,0]},"s":{"a":0,"k":[100,100]},"r":{"a":0,"k":0},"o":{"a":0,"k":100},"sk":{"a":0,"k":0},"sa":{"a":0,"k":0},"nm":"Transform"}],"nm":"Group 2","bm":0,"hd":false}],"ip":0,"op":90,"st":0,"bm":0},{"ddd":0,"ind":9,"ty":4,"nm":"leg-right Outlines 2","parent":2,"sr":1,"ks":{"r":{"a":1,"k":[{"i":{"x":[0.716],"y":[1]},"o":{"x":[0.383],"y":[0]},"t":0,"s":[0]},{"i":{"x":[0.793],"y":[1]},"o":{"x":[0.46],"y":[0]},"t":45,"s":[-6]},{"t":89,"s":[0]}]},"p":{"a":0,"k":[50.257,83.565,0]},"a":{"a":0,"k":[258,385.5,0]},"s":{"a":0,"k":[-27.543,26.588,100]}},"ao":0,"shapes":[{"ty":"gr","it":[{"ind":0,"ty":"sh","ks":{"a":0,"k":{"i":[[18.469,10.283],[-11.828,-5.61],[-10.478,-4.757],[4.639,-14.296],[25.261,11.149]],"o":[[-20.863,-11.617],[11.828,5.611],[49.357,22.409],[0,0],[-26.71,-11.789]],"v":[[-68.693,-30.114],[-42.214,-26.134],[40.199,12.731],[75.863,41.731],[2.975,6.904]],"c":true}},"nm":"Path 1","hd":false},{"ty":"fl","c":{"a":0,"k":[0.903317081227,0.903317081227,0.903317081227,1]},"o":{"a":0,"k":100},"r":1,"bm":0,"nm":"Fill 1","hd":false},{"ty":"tr","p":{"a":0,"k":[239.253,388.364]},"a":{"a":0,"k":[0,0]},"s":{"a":0,"k":[100,100]},"r":{"a":0,"k":0},"o":{"a":0,"k":100},"sk":{"a":0,"k":0},"sa":{"a":0,"k":0},"nm":"Transform"}],"nm":"Group 1","bm":0,"hd":false},{"ty":"gr","it":[{"ind":0,"ty":"sh","ks":{"a":0,"k":{"i":[[19.058,9.147],[-11.047,-7.511],[0,0],[4.639,-14.296],[25.261,11.149]],"o":[[-22.092,-10.604],[28.334,19.268],[0,0],[0,0],[-26.71,-11.789]],"v":[[-73.484,-21.917],[-62.807,-42.417],[95.577,18.866],[71.072,49.928],[-1.816,15.102]],"c":true}},"nm":"Path 1","hd":false},{"ty":"fl","c":{"a":0,"k":[0.940282126034,0.940282126034,0.940282126034,1]},"o":{"a":0,"k":100},"r":1,"bm":0,"nm":"Fill 1","hd":false},{"ty":"tr","p":{"a":0,"k":[244.045,380.167]},"a":{"a":0,"k":[0,0]},"s":{"a":0,"k":[100,100]},"r":{"a":0,"k":0},"o":{"a":0,"k":100},"sk":{"a":0,"k":0},"sa":{"a":0,"k":0},"nm":"Transform"}],"nm":"Group 2","bm":0,"hd":false},{"ty":"gr","it":[{"ind":0,"ty":"sh","ks":{"a":0,"k":{"i":[[-1.052,-1.541],[-1.899,-0.401],[4.417,-1.377]],"o":[[0.983,0.42],[0,0],[2.281,1.033]],"v":[[0.529,1.738],[3.679,2.818],[-3.679,-1.441]],"c":true}},"nm":"Path 1","hd":false},{"ty":"fl","c":{"a":0,"k":[0.702368762446,0.520378382066,0.398106892904,1]},"o":{"a":0,"k":100},"r":1,"bm":0,"nm":"Fill 1","hd":false},{"ty":"tr","p":{"a":0,"k":[348.024,433.259]},"a":{"a":0,"k":[0,0]},"s":{"a":0,"k":[100,100]},"r":{"a":0,"k":0},"o":{"a":0,"k":100},"sk":{"a":0,"k":0},"sa":{"a":0,"k":0},"nm":"Transform"}],"nm":"Group 3","bm":0,"hd":false},{"ty":"gr","it":[{"ind":0,"ty":"sh","ks":{"a":0,"k":{"i":[[-1.052,-1.541],[-0.773,0.27],[3.786,-1.376]],"o":[[0.985,0.337],[0.803,-0.281],[2.282,1.032]],"v":[[0.376,2.083],[3.542,2.467],[-4.345,-1.362]],"c":true}},"nm":"Path 1","hd":false},{"ty":"fl","c":{"a":0,"k":[0.702368762446,0.520378382066,0.398106892904,1]},"o":{"a":0,"k":100},"r":1,"bm":0,"nm":"Fill 1","hd":false},{"ty":"tr","p":{"a":0,"k":[354.397,429.202]},"a":{"a":0,"k":[0,0]},"s":{"a":0,"k":[100,100]},"r":{"a":0,"k":0},"o":{"a":0,"k":100},"sk":{"a":0,"k":0},"sa":{"a":0,"k":0},"nm":"Transform"}],"nm":"Group 4","bm":0,"hd":false},{"ty":"gr","it":[{"ind":0,"ty":"sh","ks":{"a":0,"k":{"i":[[-1.052,-1.54],[-0.956,1.068],[3.786,-1.377]],"o":[[0.985,0.338],[0.568,-0.634],[2.282,1.033]],"v":[[0.381,2.259],[4.393,1.564],[-4.961,-1.255]],"c":true}},"nm":"Path 1","hd":false},{"ty":"fl","c":{"a":0,"k":[0.702368762446,0.520378382066,0.398106892904,1]},"o":{"a":0,"k":100},"r":1,"bm":0,"nm":"Fill 1","hd":false},{"ty":"tr","p":{"a":0,"k":[358.991,424.309]},"a":{"a":0,"k":[0,0]},"s":{"a":0,"k":[100,100]},"r":{"a":0,"k":0},"o":{"a":0,"k":100},"sk":{"a":0,"k":0},"sa":{"a":0,"k":0},"nm":"Transform"}],"nm":"Group 5","bm":0,"hd":false},{"ty":"gr","it":[{"ind":0,"ty":"sh","ks":{"a":0,"k":{"i":[[-1.052,-1.54],[-1.388,0.627],[4.366,-2.161]],"o":[[0.985,0.338],[0.776,-0.35],[2.281,1.032]],"v":[[0.704,2.501],[5.519,2.866],[-6.296,-1.332]],"c":true}},"nm":"Path 1","hd":false},{"ty":"fl","c":{"a":0,"k":[0.702368762446,0.520378382066,0.398106892904,1]},"o":{"a":0,"k":100},"r":1,"bm":0,"nm":"Fill 1","hd":false},{"ty":"tr","p":{"a":0,"k":[362.19,418.046]},"a":{"a":0,"k":[0,0]},"s":{"a":0,"k":[100,100]},"r":{"a":0,"k":0},"o":{"a":0,"k":100},"sk":{"a":0,"k":0},"sa":{"a":0,"k":0},"nm":"Transform"}],"nm":"Group 6","bm":0,"hd":false},{"ty":"gr","it":[{"ind":0,"ty":"sh","ks":{"a":0,"k":{"i":[[-8.292,-2.939],[3.089,-0.27],[3.231,2.161],[7.132,4.638]],"o":[[8.292,2.938],[-1.485,0.13],[0,0],[0,0]],"v":[[-13.79,-8.659],[18.993,11.467],[11.981,8.766],[-15.371,-6.479]],"c":true}},"nm":"Path 1","hd":false},{"ty":"fl","c":{"a":0,"k":[0.702368762446,0.520378382066,0.398106892904,1]},"o":{"a":0,"k":100},"r":1,"bm":0,"nm":"Fill 1","hd":false},{"ty":"tr","p":{"a":0,"k":[328.523,427.935]},"a":{"a":0,"k":[0,0]},"s":{"a":0,"k":[100,100]},"r":{"a":0,"k":0},"o":{"a":0,"k":100},"sk":{"a":0,"k":0},"sa":{"a":0,"k":0},"nm":"Transform"}],"nm":"Group 7","bm":0,"hd":false},{"ty":"gr","it":[{"ind":0,"ty":"sh","ks":{"a":0,"k":{"i":[[0,0],[-2.982,-1.995],[4.097,1.468],[3.564,1.408],[3.779,0.659],[6.881,1.103],[-1.133,2.771],[3.358,2.342],[37.461,6.042]],"o":[[8.535,5.875],[9.951,6.652],[8.101,4.884],[6.118,2.636],[6.37,2.548],[5.778,2.273],[0.806,-1.976],[-1.976,-1.519],[0,0]],"v":[[-29.164,-1.605],[-0.513,14.495],[6.413,12.207],[13.455,8.971],[17.452,4.094],[19.367,-2.522],[28.357,-3.299],[25.389,-9.117],[-20.092,-21.148]],"c":false}},"nm":"Path 1","hd":false},{"ty":"fl","c":{"a":0,"k":[0.873935415231,0.657819022384,0.512799012427,1]},"o":{"a":0,"k":100},"r":1,"bm":0,"nm":"Fill 1","hd":false},{"ty":"tr","p":{"a":0,"k":[341.063,422.19]},"a":{"a":0,"k":[0,0]},"s":{"a":0,"k":[100,100]},"r":{"a":0,"k":0},"o":{"a":0,"k":100},"sk":{"a":0,"k":0},"sa":{"a":0,"k":0},"nm":"Transform"}],"nm":"Group 8","bm":0,"hd":false},{"ty":"gr","it":[{"ind":0,"ty":"sh","ks":{"a":0,"k":{"i":[[19.058,9.147],[-11.045,-7.511],[0,0],[17.752,-5.077],[25.261,11.149]],"o":[[-22.092,-10.604],[28.334,19.267],[-0.061,14.9],[0,0],[-26.71,-11.789]],"v":[[-73.429,-22.026],[-62.825,-42.351],[95.521,18.778],[71.027,49.862],[-1.885,15.015]],"c":true}},"nm":"Path 1","hd":false},{"ty":"fl","c":{"a":0,"k":[0.591472670611,0.591472670611,0.591472670611,1]},"o":{"a":0,"k":100},"r":1,"bm":0,"nm":"Fill 1","hd":false},{"ty":"tr","p":{"a":0,"k":[244.115,380.23]},"a":{"a":0,"k":[0,0]},"s":{"a":0,"k":[100,100]},"r":{"a":0,"k":0},"o":{"a":0,"k":100},"sk":{"a":0,"k":0},"sa":{"a":0,"k":0},"nm":"Transform"}],"nm":"Group 9","bm":0,"hd":false}],"ip":0,"op":90,"st":0,"bm":0},{"ddd":0,"ind":10,"ty":4,"nm":"leg-right Outlines","parent":2,"sr":1,"ks":{"r":{"a":1,"k":[{"i":{"x":[0.716],"y":[1]},"o":{"x":[0.383],"y":[0]},"t":0,"s":[0]},{"i":{"x":[0.793],"y":[1]},"o":{"x":[0.46],"y":[0]},"t":45,"s":[6]},{"t":89,"s":[0]}]},"p":{"a":0,"k":[50.257,83.565,0]},"a":{"a":0,"k":[258,385.5,0]},"s":{"a":0,"k":[27.543,26.588,100]}},"ao":0,"shapes":[{"ty":"gr","it":[{"ind":0,"ty":"sh","ks":{"a":0,"k":{"i":[[18.469,10.283],[-11.828,-5.61],[-10.478,-4.757],[4.639,-14.296],[25.261,11.149]],"o":[[-20.863,-11.617],[11.828,5.611],[49.357,22.409],[0,0],[-26.71,-11.789]],"v":[[-68.693,-30.114],[-42.214,-26.134],[40.199,12.731],[75.863,41.731],[2.975,6.904]],"c":true}},"nm":"Path 1","hd":false},{"ty":"fl","c":{"a":0,"k":[0.903317081227,0.903317081227,0.903317081227,1]},"o":{"a":0,"k":100},"r":1,"bm":0,"nm":"Fill 1","hd":false},{"ty":"tr","p":{"a":0,"k":[239.253,388.364]},"a":{"a":0,"k":[0,0]},"s":{"a":0,"k":[100,100]},"r":{"a":0,"k":0},"o":{"a":0,"k":100},"sk":{"a":0,"k":0},"sa":{"a":0,"k":0},"nm":"Transform"}],"nm":"Group 1","bm":0,"hd":false},{"ty":"gr","it":[{"ind":0,"ty":"sh","ks":{"a":0,"k":{"i":[[19.058,9.147],[-11.047,-7.511],[0,0],[4.639,-14.296],[25.261,11.149]],"o":[[-22.092,-10.604],[28.334,19.268],[0,0],[0,0],[-26.71,-11.789]],"v":[[-73.484,-21.917],[-62.807,-42.417],[95.577,18.866],[71.072,49.928],[-1.816,15.102]],"c":true}},"nm":"Path 1","hd":false},{"ty":"fl","c":{"a":0,"k":[0.940282126034,0.940282126034,0.940282126034,1]},"o":{"a":0,"k":100},"r":1,"bm":0,"nm":"Fill 1","hd":false},{"ty":"tr","p":{"a":0,"k":[244.045,380.167]},"a":{"a":0,"k":[0,0]},"s":{"a":0,"k":[100,100]},"r":{"a":0,"k":0},"o":{"a":0,"k":100},"sk":{"a":0,"k":0},"sa":{"a":0,"k":0},"nm":"Transform"}],"nm":"Group 2","bm":0,"hd":false},{"ty":"gr","it":[{"ind":0,"ty":"sh","ks":{"a":0,"k":{"i":[[-1.052,-1.541],[-1.899,-0.401],[4.417,-1.377]],"o":[[0.983,0.42],[0,0],[2.281,1.033]],"v":[[0.529,1.738],[3.679,2.818],[-3.679,-1.441]],"c":true}},"nm":"Path 1","hd":false},{"ty":"fl","c":{"a":0,"k":[0.702368762446,0.520378382066,0.398106892904,1]},"o":{"a":0,"k":100},"r":1,"bm":0,"nm":"Fill 1","hd":false},{"ty":"tr","p":{"a":0,"k":[348.024,433.259]},"a":{"a":0,"k":[0,0]},"s":{"a":0,"k":[100,100]},"r":{"a":0,"k":0},"o":{"a":0,"k":100},"sk":{"a":0,"k":0},"sa":{"a":0,"k":0},"nm":"Transform"}],"nm":"Group 3","bm":0,"hd":false},{"ty":"gr","it":[{"ind":0,"ty":"sh","ks":{"a":0,"k":{"i":[[-1.052,-1.541],[-0.773,0.27],[3.786,-1.376]],"o":[[0.985,0.337],[0.803,-0.281],[2.282,1.032]],"v":[[0.376,2.083],[3.542,2.467],[-4.345,-1.362]],"c":true}},"nm":"Path 1","hd":false},{"ty":"fl","c":{"a":0,"k":[0.702368762446,0.520378382066,0.398106892904,1]},"o":{"a":0,"k":100},"r":1,"bm":0,"nm":"Fill 1","hd":false},{"ty":"tr","p":{"a":0,"k":[354.397,429.202]},"a":{"a":0,"k":[0,0]},"s":{"a":0,"k":[100,100]},"r":{"a":0,"k":0},"o":{"a":0,"k":100},"sk":{"a":0,"k":0},"sa":{"a":0,"k":0},"nm":"Transform"}],"nm":"Group 4","bm":0,"hd":false},{"ty":"gr","it":[{"ind":0,"ty":"sh","ks":{"a":0,"k":{"i":[[-1.052,-1.54],[-0.956,1.068],[3.786,-1.377]],"o":[[0.985,0.338],[0.568,-0.634],[2.282,1.033]],"v":[[0.381,2.259],[4.393,1.564],[-4.961,-1.255]],"c":true}},"nm":"Path 1","hd":false},{"ty":"fl","c":{"a":0,"k":[0.702368762446,0.520378382066,0.398106892904,1]},"o":{"a":0,"k":100},"r":1,"bm":0,"nm":"Fill 1","hd":false},{"ty":"tr","p":{"a":0,"k":[358.991,424.309]},"a":{"a":0,"k":[0,0]},"s":{"a":0,"k":[100,100]},"r":{"a":0,"k":0},"o":{"a":0,"k":100},"sk":{"a":0,"k":0},"sa":{"a":0,"k":0},"nm":"Transform"}],"nm":"Group 5","bm":0,"hd":false},{"ty":"gr","it":[{"ind":0,"ty":"sh","ks":{"a":0,"k":{"i":[[-1.052,-1.54],[-1.388,0.627],[4.366,-2.161]],"o":[[0.985,0.338],[0.776,-0.35],[2.281,1.032]],"v":[[0.704,2.501],[5.519,2.866],[-6.296,-1.332]],"c":true}},"nm":"Path 1","hd":false},{"ty":"fl","c":{"a":0,"k":[0.702368762446,0.520378382066,0.398106892904,1]},"o":{"a":0,"k":100},"r":1,"bm":0,"nm":"Fill 1","hd":false},{"ty":"tr","p":{"a":0,"k":[362.19,418.046]},"a":{"a":0,"k":[0,0]},"s":{"a":0,"k":[100,100]},"r":{"a":0,"k":0},"o":{"a":0,"k":100},"sk":{"a":0,"k":0},"sa":{"a":0,"k":0},"nm":"Transform"}],"nm":"Group 6","bm":0,"hd":false},{"ty":"gr","it":[{"ind":0,"ty":"sh","ks":{"a":0,"k":{"i":[[-8.292,-2.939],[3.089,-0.27],[3.231,2.161],[7.132,4.638]],"o":[[8.292,2.938],[-1.485,0.13],[0,0],[0,0]],"v":[[-13.79,-8.659],[18.993,11.467],[11.981,8.766],[-15.371,-6.479]],"c":true}},"nm":"Path 1","hd":false},{"ty":"fl","c":{"a":0,"k":[0.702368762446,0.520378382066,0.398106892904,1]},"o":{"a":0,"k":100},"r":1,"bm":0,"nm":"Fill 1","hd":false},{"ty":"tr","p":{"a":0,"k":[328.523,427.935]},"a":{"a":0,"k":[0,0]},"s":{"a":0,"k":[100,100]},"r":{"a":0,"k":0},"o":{"a":0,"k":100},"sk":{"a":0,"k":0},"sa":{"a":0,"k":0},"nm":"Transform"}],"nm":"Group 7","bm":0,"hd":false},{"ty":"gr","it":[{"ind":0,"ty":"sh","ks":{"a":0,"k":{"i":[[0,0],[-2.982,-1.995],[4.097,1.468],[3.564,1.408],[3.779,0.659],[6.881,1.103],[-1.133,2.771],[3.358,2.342],[37.461,6.042]],"o":[[8.535,5.875],[9.951,6.652],[8.101,4.884],[6.118,2.636],[6.37,2.548],[5.778,2.273],[0.806,-1.976],[-1.976,-1.519],[0,0]],"v":[[-29.164,-1.605],[-0.513,14.495],[6.413,12.207],[13.455,8.971],[17.452,4.094],[19.367,-2.522],[28.357,-3.299],[25.389,-9.117],[-20.092,-21.148]],"c":false}},"nm":"Path 1","hd":false},{"ty":"fl","c":{"a":0,"k":[0.873935415231,0.657819022384,0.512799012427,1]},"o":{"a":0,"k":100},"r":1,"bm":0,"nm":"Fill 1","hd":false},{"ty":"tr","p":{"a":0,"k":[341.063,422.19]},"a":{"a":0,"k":[0,0]},"s":{"a":0,"k":[100,100]},"r":{"a":0,"k":0},"o":{"a":0,"k":100},"sk":{"a":0,"k":0},"sa":{"a":0,"k":0},"nm":"Transform"}],"nm":"Group 8","bm":0,"hd":false},{"ty":"gr","it":[{"ind":0,"ty":"sh","ks":{"a":0,"k":{"i":[[19.058,9.147],[-11.045,-7.511],[0,0],[17.752,-5.077],[25.261,11.149]],"o":[[-22.092,-10.604],[28.334,19.267],[-0.061,14.9],[0,0],[-26.71,-11.789]],"v":[[-73.429,-22.026],[-62.825,-42.351],[95.521,18.778],[71.027,49.862],[-1.885,15.015]],"c":true}},"nm":"Path 1","hd":false},{"ty":"fl","c":{"a":0,"k":[0.591472670611,0.591472670611,0.591472670611,1]},"o":{"a":0,"k":100},"r":1,"bm":0,"nm":"Fill 1","hd":false},{"ty":"tr","p":{"a":0,"k":[244.115,380.23]},"a":{"a":0,"k":[0,0]},"s":{"a":0,"k":[100,100]},"r":{"a":0,"k":0},"o":{"a":0,"k":100},"sk":{"a":0,"k":0},"sa":{"a":0,"k":0},"nm":"Transform"}],"nm":"Group 9","bm":0,"hd":false}],"ip":0,"op":90,"st":0,"bm":0},{"ddd":0,"ind":12,"ty":4,"nm":"shadow-leg-right Outlines 2","parent":2,"sr":1,"ks":{"r":{"a":1,"k":[{"i":{"x":[0.716],"y":[1]},"o":{"x":[0.383],"y":[0]},"t":0,"s":[0]},{"i":{"x":[0.793],"y":[1]},"o":{"x":[0.46],"y":[0]},"t":45,"s":[-6]},{"t":89,"s":[0]}]},"p":{"a":0,"k":[50.257,83.565,0]},"a":{"a":0,"k":[258,385.257,0]},"s":{"a":0,"k":[-27.543,26.588,100]}},"ao":0,"shapes":[{"ty":"gr","it":[{"ind":0,"ty":"sh","ks":{"a":0,"k":{"i":[[0,0],[18.282,10.613],[-10.423,-8.354],[-28.781,-13.322]],"o":[[-25.704,-13.847],[-21.193,-12.304],[10.93,8.76],[0,0]],"v":[[39.294,36.595],[-29.126,-5.94],[-23.768,-28.242],[50.319,10.565]],"c":false}},"nm":"Path 1","hd":false},{"ty":"fl","c":{"a":0,"k":[0.743128338982,0.743128338982,0.743128338982,1]},"o":{"a":0,"k":100},"r":1,"bm":0,"nm":"Fill 1","hd":false},{"ty":"tr","p":{"a":0,"k":[200.335,368.112]},"a":{"a":0,"k":[0,0]},"s":{"a":0,"k":[100,100]},"r":{"a":0,"k":0},"o":{"a":0,"k":100},"sk":{"a":0,"k":0},"sa":{"a":0,"k":0},"nm":"Transform"}],"nm":"Group 1","bm":0,"hd":false}],"ip":0,"op":90,"st":0,"bm":0},{"ddd":0,"ind":13,"ty":4,"nm":"shadow-leg-right Outlines","parent":2,"sr":1,"ks":{"r":{"a":1,"k":[{"i":{"x":[0.716],"y":[1]},"o":{"x":[0.383],"y":[0]},"t":0,"s":[0]},{"i":{"x":[0.793],"y":[1]},"o":{"x":[0.46],"y":[0]},"t":45,"s":[6]},{"t":89,"s":[0]}]},"p":{"a":0,"k":[50.257,83.565,0]},"a":{"a":0,"k":[258,385.257,0]},"s":{"a":0,"k":[27.543,26.588,100]}},"ao":0,"shapes":[{"ty":"gr","it":[{"ind":0,"ty":"sh","ks":{"a":0,"k":{"i":[[0,0],[18.282,10.613],[-10.423,-8.354],[-28.781,-13.322]],"o":[[-25.704,-13.847],[-21.193,-12.304],[10.93,8.76],[0,0]],"v":[[39.294,36.595],[-29.126,-5.94],[-23.768,-28.242],[50.319,10.565]],"c":false}},"nm":"Path 1","hd":false},{"ty":"fl","c":{"a":0,"k":[0.743128338982,0.743128338982,0.743128338982,1]},"o":{"a":0,"k":100},"r":1,"bm":0,"nm":"Fill 1","hd":false},{"ty":"tr","p":{"a":0,"k":[200.335,368.112]},"a":{"a":0,"k":[0,0]},"s":{"a":0,"k":[100,100]},"r":{"a":0,"k":0},"o":{"a":0,"k":100},"sk":{"a":0,"k":0},"sa":{"a":0,"k":0},"nm":"Transform"}],"nm":"Group 1","bm":0,"hd":false}],"ip":0,"op":90,"st":0,"bm":0},{"ddd":0,"ind":15,"ty":4,"nm":"mouth Outlines","parent":2,"sr":1,"ks":{"p":{"a":0,"k":[49.706,49.134,0]},"a":{"a":0,"k":[256,256,0]},"s":{"a":0,"k":[27.543,26.588,100]}},"ao":0,"shapes":[{"ty":"gr","it":[{"ind":0,"ty":"sh","ks":{"a":0,"k":{"i":[[0,0],[15.817,7.575]],"o":[[-15.296,7.833],[0,0]],"v":[[23.341,-3.917],[-23.341,-3.917]],"c":false}},"nm":"Path 1","hd":false},{"ty":"st","c":{"a":0,"k":[0,0,0,1]},"o":{"a":0,"k":100},"w":{"a":0,"k":2.741},"lc":2,"lj":2,"bm":0,"nm":"Stroke 1","hd":false},{"ty":"tr","p":{"a":0,"k":[255.599,221.862]},"a":{"a":0,"k":[0,0]},"s":{"a":0,"k":[100,100]},"r":{"a":0,"k":0},"o":{"a":0,"k":100},"sk":{"a":0,"k":0},"sa":{"a":0,"k":0},"nm":"Transform"}],"nm":"Group 1","bm":0,"hd":false}],"ip":0,"op":90,"st":0,"bm":0},{"ddd":0,"ind":16,"ty":4,"nm":"head+hat Outlines","parent":2,"sr":1,"ks":{"p":{"a":0,"k":[49.706,49.134,0]},"a":{"a":0,"k":[256,256,0]},"s":{"a":0,"k":[27.543,26.588,100]}},"ao":0,"shapes":[{"ty":"gr","it":[{"ind":0,"ty":"sh","ks":{"a":0,"k":{"i":[[-45,0],[-16.585,-12.22],[0,0],[3.087,-2.922],[0,0]],"o":[[45.152,0],[0,0],[-3.087,-2.922],[0,0],[16.678,-12.154]],"v":[[-0.088,25.606],[100.393,46.398],[5.439,-43.477],[-5.567,-43.477],[-100.393,46.276]],"c":true}},"nm":"Path 1","hd":false},{"ty":"fl","c":{"a":0,"k":[0.1450980392156863,0.3215686274509804,0.5333333333333333,1]},"o":{"a":0,"k":100},"r":1,"bm":0,"nm":"Fill 1","hd":false},{"ty":"tr","p":{"a":0,"k":[258.47,116.92]},"a":{"a":0,"k":[0,0]},"s":{"a":0,"k":[100,100]},"r":{"a":0,"k":0},"o":{"a":0,"k":100},"sk":{"a":0,"k":0},"sa":{"a":0,"k":0},"nm":"Transform"}],"nm":"Group 1","bm":0,"hd":false},{"ty":"gr","it":[{"ind":0,"ty":"sh","ks":{"a":0,"k":{"i":[[0,-41.02],[41.02,0],[0,41.02],[-41.02,0]],"o":[[0,41.02],[-41.02,0],[0,-41.02],[41.02,0]],"v":[[74.273,0],[0,74.272],[-74.273,0],[0,-74.272]],"c":true}},"nm":"Path 1","hd":false},{"ty":"fl","c":{"a":0,"k":[0.873935415231,0.657819022384,0.512799012427,1]},"o":{"a":0,"k":100},"r":1,"bm":0,"nm":"Fill 1","hd":false},{"ty":"tr","p":{"a":0,"k":[258.934,188.783]},"a":{"a":0,"k":[0,0]},"s":{"a":0,"k":[100,100]},"r":{"a":0,"k":0},"o":{"a":0,"k":100},"sk":{"a":0,"k":0},"sa":{"a":0,"k":0},"nm":"Transform"}],"nm":"Group 2","bm":0,"hd":false},{"ty":"gr","it":[{"ind":0,"ty":"sh","ks":{"a":0,"k":{"i":[[0,-18.829],[60.253,0],[0,18.83],[-60.254,0]],"o":[[0,18.83],[-60.254,0],[0,-18.829],[60.253,0]],"v":[[109.099,-0.001],[0,34.094],[-109.099,-0.001],[0,-34.094]],"c":true}},"nm":"Path 1","hd":false},{"ty":"fl","c":{"a":0,"k":[0.054901960784313725,0.16470588235294117,0.29411764705882354,1]},"o":{"a":0,"k":100},"r":1,"bm":0,"nm":"Fill 1","hd":false},{"ty":"tr","p":{"a":0,"k":[257.697,176.621]},"a":{"a":0,"k":[0,0]},"s":{"a":0,"k":[100,100]},"r":{"a":0,"k":0},"o":{"a":0,"k":100},"sk":{"a":0,"k":0},"sa":{"a":0,"k":0},"nm":"Transform"}],"nm":"Group 3","bm":0,"hd":false}],"ip":0,"op":90,"st":0,"bm":0},{"ddd":0,"ind":17,"ty":4,"nm":"body Outlines","parent":2,"sr":1,"ks":{"p":{"a":0,"k":[49.706,49.134,0]},"a":{"a":0,"k":[256,256,0]},"s":{"a":0,"k":[27.543,26.588,100]}},"ao":0,"shapes":[{"ty":"gr","it":[{"ind":0,"ty":"sh","ks":{"a":0,"k":{"i":[[0,0],[-10.404,1.887]],"o":[[11.192,1.977],[0,0]],"v":[[-16.184,-0.988],[16.184,-0.988]],"c":false}},"nm":"Path 1","hd":false},{"ty":"st","c":{"a":0,"k":[0.181988121482,0.181988121482,0.181988121482,1]},"o":{"a":0,"k":100},"w":{"a":0,"k":2.056},"lc":1,"lj":1,"ml":10,"bm":0,"nm":"Stroke 1","hd":false},{"ty":"tr","p":{"a":0,"k":[255.903,356.551]},"a":{"a":0,"k":[0,0]},"s":{"a":0,"k":[100,100]},"r":{"a":0,"k":0},"o":{"a":0,"k":100},"sk":{"a":0,"k":0},"sa":{"a":0,"k":0},"nm":"Transform"}],"nm":"Group 1","bm":0,"hd":false},{"ty":"gr","it":[{"ind":0,"ty":"sh","ks":{"a":0,"k":{"i":[[0,-1.448],[1.448,0],[0,1.448],[-1.448,0]],"o":[[0,1.448],[-1.448,0],[0,-1.448],[1.448,0]],"v":[[2.622,0],[0,2.622],[-2.622,0],[0,-2.622]],"c":true}},"nm":"Path 1","hd":false},{"ty":"fl","c":{"a":0,"k":[0.181988121482,0.181988121482,0.181988121482,1]},"o":{"a":0,"k":100},"r":1,"bm":0,"nm":"Fill 1","hd":false},{"ty":"tr","p":{"a":0,"k":[240.083,355.489]},"a":{"a":0,"k":[0,0]},"s":{"a":0,"k":[100,100]},"r":{"a":0,"k":0},"o":{"a":0,"k":100},"sk":{"a":0,"k":0},"sa":{"a":0,"k":0},"nm":"Transform"}],"nm":"Group 2","bm":0,"hd":false},{"ty":"gr","it":[{"ind":0,"ty":"sh","ks":{"a":0,"k":{"i":[[0,-1.448],[1.448,0],[0,1.448],[-1.448,0]],"o":[[0,1.448],[-1.448,0],[0,-1.448],[1.448,0]],"v":[[2.622,0],[0,2.622],[-2.622,0],[0,-2.622]],"c":true}},"nm":"Path 1","hd":false},{"ty":"fl","c":{"a":0,"k":[0.181988121482,0.181988121482,0.181988121482,1]},"o":{"a":0,"k":100},"r":1,"bm":0,"nm":"Fill 1","hd":false},{"ty":"tr","p":{"a":0,"k":[272.01,355.4]},"a":{"a":0,"k":[0,0]},"s":{"a":0,"k":[100,100]},"r":{"a":0,"k":0},"o":{"a":0,"k":100},"sk":{"a":0,"k":0},"sa":{"a":0,"k":0},"nm":"Transform"}],"nm":"Group 3","bm":0,"hd":false},{"ty":"gr","it":[{"ind":0,"ty":"sh","ks":{"a":0,"k":{"i":[[0,0],[-10.404,1.888]],"o":[[11.192,1.978],[0,0]],"v":[[-16.184,-0.989],[16.184,-0.989]],"c":false}},"nm":"Path 1","hd":false},{"ty":"st","c":{"a":0,"k":[0.181988121482,0.181988121482,0.181988121482,1]},"o":{"a":0,"k":100},"w":{"a":0,"k":2.056},"lc":1,"lj":1,"ml":10,"bm":0,"nm":"Stroke 1","hd":false},{"ty":"tr","p":{"a":0,"k":[255.903,334.487]},"a":{"a":0,"k":[0,0]},"s":{"a":0,"k":[100,100]},"r":{"a":0,"k":0},"o":{"a":0,"k":100},"sk":{"a":0,"k":0},"sa":{"a":0,"k":0},"nm":"Transform"}],"nm":"Group 4","bm":0,"hd":false},{"ty":"gr","it":[{"ind":0,"ty":"sh","ks":{"a":0,"k":{"i":[[0,-1.448],[1.448,0],[0,1.448],[-1.448,0]],"o":[[0,1.448],[-1.448,0],[0,-1.448],[1.448,0]],"v":[[2.622,0],[0,2.622],[-2.622,0],[0,-2.622]],"c":true}},"nm":"Path 1","hd":false},{"ty":"fl","c":{"a":0,"k":[0.181988121482,0.181988121482,0.181988121482,1]},"o":{"a":0,"k":100},"r":1,"bm":0,"nm":"Fill 1","hd":false},{"ty":"tr","p":{"a":0,"k":[240.083,333.426]},"a":{"a":0,"k":[0,0]},"s":{"a":0,"k":[100,100]},"r":{"a":0,"k":0},"o":{"a":0,"k":100},"sk":{"a":0,"k":0},"sa":{"a":0,"k":0},"nm":"Transform"}],"nm":"Group 5","bm":0,"hd":false},{"ty":"gr","it":[{"ind":0,"ty":"sh","ks":{"a":0,"k":{"i":[[0,-1.447],[1.448,0],[0,1.448],[-1.448,0]],"o":[[0,1.448],[-1.448,0],[0,-1.447],[1.448,0]],"v":[[2.622,0],[0,2.622],[-2.622,0],[0,-2.622]],"c":true}},"nm":"Path 1","hd":false},{"ty":"fl","c":{"a":0,"k":[0.181988121482,0.181988121482,0.181988121482,1]},"o":{"a":0,"k":100},"r":1,"bm":0,"nm":"Fill 1","hd":false},{"ty":"tr","p":{"a":0,"k":[272.01,333.336]},"a":{"a":0,"k":[0,0]},"s":{"a":0,"k":[100,100]},"r":{"a":0,"k":0},"o":{"a":0,"k":100},"sk":{"a":0,"k":0},"sa":{"a":0,"k":0},"nm":"Transform"}],"nm":"Group 6","bm":0,"hd":false},{"ty":"gr","it":[{"ind":0,"ty":"sh","ks":{"a":0,"k":{"i":[[0,0],[-10.404,1.888]],"o":[[11.192,1.978],[0,0]],"v":[[-16.184,-0.989],[16.184,-0.989]],"c":false}},"nm":"Path 1","hd":false},{"ty":"st","c":{"a":0,"k":[0.181988121482,0.181988121482,0.181988121482,1]},"o":{"a":0,"k":100},"w":{"a":0,"k":2.056},"lc":1,"lj":1,"ml":10,"bm":0,"nm":"Stroke 1","hd":false},{"ty":"tr","p":{"a":0,"k":[255.903,312.424]},"a":{"a":0,"k":[0,0]},"s":{"a":0,"k":[100,100]},"r":{"a":0,"k":0},"o":{"a":0,"k":100},"sk":{"a":0,"k":0},"sa":{"a":0,"k":0},"nm":"Transform"}],"nm":"Group 7","bm":0,"hd":false},{"ty":"gr","it":[{"ind":0,"ty":"sh","ks":{"a":0,"k":{"i":[[0,-1.448],[1.448,0],[0,1.448],[-1.448,0]],"o":[[0,1.448],[-1.448,0],[0,-1.448],[1.448,0]],"v":[[2.622,0],[0,2.622],[-2.622,0],[0,-2.622]],"c":true}},"nm":"Path 1","hd":false},{"ty":"fl","c":{"a":0,"k":[0.181988121482,0.181988121482,0.181988121482,1]},"o":{"a":0,"k":100},"r":1,"bm":0,"nm":"Fill 1","hd":false},{"ty":"tr","p":{"a":0,"k":[240.083,311.362]},"a":{"a":0,"k":[0,0]},"s":{"a":0,"k":[100,100]},"r":{"a":0,"k":0},"o":{"a":0,"k":100},"sk":{"a":0,"k":0},"sa":{"a":0,"k":0},"nm":"Transform"}],"nm":"Group 8","bm":0,"hd":false},{"ty":"gr","it":[{"ind":0,"ty":"sh","ks":{"a":0,"k":{"i":[[0,-1.448],[1.448,0],[0,1.448],[-1.448,0]],"o":[[0,1.448],[-1.448,0],[0,-1.448],[1.448,0]],"v":[[2.622,0],[0,2.622],[-2.622,0],[0,-2.622]],"c":true}},"nm":"Path 1","hd":false},{"ty":"fl","c":{"a":0,"k":[0.181988121482,0.181988121482,0.181988121482,1]},"o":{"a":0,"k":100},"r":1,"bm":0,"nm":"Fill 1","hd":false},{"ty":"tr","p":{"a":0,"k":[272.01,311.273]},"a":{"a":0,"k":[0,0]},"s":{"a":0,"k":[100,100]},"r":{"a":0,"k":0},"o":{"a":0,"k":100},"sk":{"a":0,"k":0},"sa":{"a":0,"k":0},"nm":"Transform"}],"nm":"Group 9","bm":0,"hd":false},{"ty":"gr","it":[{"ind":0,"ty":"sh","ks":{"a":0,"k":{"i":[[-5.72,0],[0,0],[0,0],[0,0]],"o":[[0,0],[0,0],[0,0],[0.393,5.707]],"v":[[10.401,77.189],[3.23,-76.886],[-10.401,-77.189],[-0.456,67.054]],"c":true}},"nm":"Path 1","hd":false},{"ty":"fl","c":{"a":0,"k":[0.10980392156862745,0.28627450980392155,0.5019607843137255,1]},"o":{"a":0,"k":100},"r":1,"bm":0,"nm":"Fill 1","hd":false},{"ty":"tr","p":{"a":0,"k":[210.966,302.625]},"a":{"a":0,"k":[0,0]},"s":{"a":0,"k":[100,100]},"r":{"a":0,"k":0},"o":{"a":0,"k":100},"sk":{"a":0,"k":0},"sa":{"a":0,"k":0},"nm":"Transform"}],"nm":"Group 10","bm":0,"hd":false},{"ty":"gr","it":[{"ind":0,"ty":"sh","ks":{"a":0,"k":{"i":[[5.72,0],[0,0],[0,0],[0,0]],"o":[[0,0],[0,0],[0,0],[-0.393,5.707]],"v":[[-10.401,77.189],[-3.23,-76.886],[10.401,-77.189],[0.456,67.054]],"c":true}},"nm":"Path 1","hd":false},{"ty":"fl","c":{"a":0,"k":[0.10980392156862745,0.28627450980392155,0.5019607843137255,1]},"o":{"a":0,"k":100},"r":1,"bm":0,"nm":"Fill 1","hd":false},{"ty":"tr","p":{"a":0,"k":[303.601,302.625]},"a":{"a":0,"k":[0,0]},"s":{"a":0,"k":[100,100]},"r":{"a":0,"k":0},"o":{"a":0,"k":100},"sk":{"a":0,"k":0},"sa":{"a":0,"k":0},"nm":"Transform"}],"nm":"Group 11","bm":0,"hd":false},{"ty":"gr","it":[{"ind":0,"ty":"sh","ks":{"a":0,"k":{"i":[[5.721,0],[0,0],[0.32,4.562],[0,0],[0,0],[0,0]],"o":[[0,0],[-4.573,0],[0,0],[0,0],[0,0],[-0.392,5.706]],"v":[[36.159,77.189],[-38.028,77.189],[-46.714,69.089],[-56.962,-77.189],[56.961,-77.189],[47.016,67.054]],"c":true}},"nm":"Path 1","hd":false},{"ty":"fl","c":{"a":0,"k":[0.1450980392156863,0.3215686274509804,0.5333333333333333,1]},"o":{"a":0,"k":100},"r":1,"bm":0,"nm":"Fill 1","hd":false},{"ty":"tr","p":{"a":0,"k":[257.068,301.228]},"a":{"a":0,"k":[0,0]},"s":{"a":0,"k":[100,100]},"r":{"a":0,"k":0},"o":{"a":0,"k":100},"sk":{"a":0,"k":0},"sa":{"a":0,"k":0},"nm":"Transform"}],"nm":"Group 12","bm":0,"hd":false}],"ip":0,"op":90,"st":0,"bm":0},{"ddd":0,"ind":18,"ty":4,"nm":"hend-roght Outlines","parent":2,"sr":1,"ks":{"r":{"a":1,"k":[{"i":{"x":[0.833],"y":[1]},"o":{"x":[0.167],"y":[0]},"t":0,"s":[0]},{"i":{"x":[0.833],"y":[1]},"o":{"x":[0.167],"y":[0]},"t":45,"s":[-10]},{"t":89,"s":[0]}]},"p":{"a":0,"k":[64.717,53.654,0]},"a":{"a":0,"k":[310.5,273,0]},"s":{"a":0,"k":[27.543,26.588,100]}},"ao":0,"shapes":[{"ty":"gr","it":[{"ind":0,"ty":"sh","ks":{"a":0,"k":{"i":[[-0.785,0.785],[0,0],[0.786,0.786],[0,0],[0.786,-0.786],[0,0],[-0.786,-0.785],[0,0]],"o":[[0,0],[0.786,-0.785],[0,0],[-0.785,-0.786],[0,0],[-0.786,0.785],[0,0],[0.785,0.785]],"v":[[7.525,8.625],[8.625,7.525],[8.625,4.681],[-4.681,-8.625],[-7.526,-8.625],[-8.625,-7.525],[-8.625,-4.681],[4.68,8.625]],"c":true}},"nm":"Path 1","hd":false},{"ty":"fl","c":{"a":0,"k":[0.922272566253,0.922272566253,0.922272566253,1]},"o":{"a":0,"k":100},"r":1,"bm":0,"nm":"Fill 1","hd":false},{"ty":"tr","p":{"a":0,"k":[403.224,253.723]},"a":{"a":0,"k":[0,0]},"s":{"a":0,"k":[100,100]},"r":{"a":0,"k":0},"o":{"a":0,"k":100},"sk":{"a":0,"k":0},"sa":{"a":0,"k":0},"nm":"Transform"}],"nm":"Group 1","bm":0,"hd":false},{"ty":"gr","it":[{"ind":0,"ty":"sh","ks":{"a":0,"k":{"i":[[2.071,-1.551],[1.55,2.072],[-2.072,1.551],[-1.551,-2.072]],"o":[[-2.072,1.551],[-1.551,-2.071],[2.071,-1.551],[1.549,2.072]],"v":[[-3.387,0.714],[-9.038,1.096],[-8.094,-5.463],[-1.534,-4.519]],"c":true}},"nm":"Path 1","hd":false},{"ind":1,"ty":"sh","ks":{"a":0,"k":{"i":[[6.954,-7.119],[-1.315,1.384],[5.699,-10.377],[-0.358,0.776],[3.113,-8.421],[0,0],[0.007,-20.409],[0,0],[0,0],[-4.603,2.458],[-2.023,4.36]],"o":[[-9.363,9.584],[4.905,-5.162],[-8.125,14.796],[1.529,-3.306],[-1.533,4.145],[0,0],[-2.133,2.264],[0,0],[0,0],[4.021,-2.148],[0.562,-1.209]],"v":[[12.121,-5.213],[14.876,-10.464],[8.397,-11.503],[7.646,-13.133],[1.747,-13.622],[0.065,-9.327],[-14.608,5.23],[-19.874,10.695],[-9.312,22.042],[4.793,9.268],[19.312,-5.014]],"c":true}},"nm":"Path 2","hd":false},{"ty":"mm","mm":1,"nm":"Merge Paths 1","hd":false},{"ty":"fl","c":{"a":0,"k":[0.873935415231,0.657819022384,0.512799012427,1]},"o":{"a":0,"k":100},"r":1,"bm":0,"nm":"Fill 1","hd":false},{"ty":"tr","p":{"a":0,"k":[418.043,237.03]},"a":{"a":0,"k":[0,0]},"s":{"a":0,"k":[100,100]},"r":{"a":0,"k":0},"o":{"a":0,"k":100},"sk":{"a":0,"k":0},"sa":{"a":0,"k":0},"nm":"Transform"}],"nm":"Group 2","bm":0,"hd":false},{"ty":"gr","it":[{"ind":0,"ty":"sh","ks":{"a":0,"k":{"i":[[0,0],[-26.079,28.348],[0,0],[47.834,53.063]],"o":[[62.243,67.019],[0,0],[-28.375,39.185],[0,0]],"v":[[-62.21,-33.981],[51.511,-24.157],[64.491,-10.414],[-64.491,-19.082]],"c":false}},"nm":"Path 1","hd":false},{"ty":"fl","c":{"a":0,"k":[0.854979092467,0.854979092467,0.854979092467,1]},"o":{"a":0,"k":100},"r":1,"bm":0,"nm":"Fill 1","hd":false},{"ty":"tr","p":{"a":0,"k":[343.869,272.348]},"a":{"a":0,"k":[0,0]},"s":{"a":0,"k":[100,100]},"r":{"a":0,"k":0},"o":{"a":0,"k":100},"sk":{"a":0,"k":0},"sa":{"a":0,"k":0},"nm":"Transform"}],"nm":"Group 3","bm":0,"hd":false}],"ip":0,"op":90,"st":0,"bm":0},{"ddd":0,"ind":19,"ty":4,"nm":"hand-left Outlines","parent":2,"sr":1,"ks":{"r":{"a":1,"k":[{"i":{"x":[0.5],"y":[1]},"o":{"x":[0.167],"y":[0]},"t":0,"s":[0]},{"i":{"x":[0.833],"y":[1]},"o":{"x":[0.5],"y":[0]},"t":45,"s":[10]},{"t":89,"s":[0]}]},"p":{"a":0,"k":[35.246,53.588,0]},"a":{"a":0,"k":[203.5,272.75,0]},"s":{"a":0,"k":[27.543,26.588,100]}},"ao":0,"shapes":[{"ty":"gr","it":[{"ind":0,"ty":"sh","ks":{"a":0,"k":{"i":[[0.786,0.786],[0,0],[-0.785,0.785],[0,0],[-0.786,-0.785],[0,0],[0.786,-0.786],[0,0]],"o":[[0,0],[-0.785,-0.785],[0,0],[0.785,-0.785],[0,0],[0.786,0.786],[0,0],[-0.785,0.786]],"v":[[-7.525,8.624],[-8.626,7.524],[-8.626,4.68],[4.68,-8.626],[7.525,-8.626],[8.624,-7.526],[8.624,-4.681],[-4.68,8.624]],"c":true}},"nm":"Path 1","hd":false},{"ty":"fl","c":{"a":0,"k":[0.922272566253,0.922272566253,0.922272566253,1]},"o":{"a":0,"k":100},"r":1,"bm":0,"nm":"Fill 1","hd":false},{"ty":"tr","p":{"a":0,"k":[107.665,256.678]},"a":{"a":0,"k":[0,0]},"s":{"a":0,"k":[100,100]},"r":{"a":0,"k":0},"o":{"a":0,"k":100},"sk":{"a":0,"k":0},"sa":{"a":0,"k":0},"nm":"Transform"}],"nm":"Group 1","bm":0,"hd":false},{"ty":"gr","it":[{"ind":0,"ty":"sh","ks":{"a":0,"k":{"i":[[0,0],[26.079,28.348],[0,0],[-47.835,53.064]],"o":[[-62.243,67.02],[0,0],[28.376,39.186],[0,0]],"v":[[65.034,-33.981],[-55.686,-22.612],[-67.315,-7.038],[67.316,-19.082]],"c":false}},"nm":"Path 1","hd":false},{"ty":"fl","c":{"a":0,"k":[0.854979092467,0.854979092467,0.854979092467,1]},"o":{"a":0,"k":100},"r":1,"bm":0,"nm":"Fill 1","hd":false},{"ty":"tr","p":{"a":0,"k":[169.361,271.57]},"a":{"a":0,"k":[0,0]},"s":{"a":0,"k":[100,100]},"r":{"a":0,"k":0},"o":{"a":0,"k":100},"sk":{"a":0,"k":0},"sa":{"a":0,"k":0},"nm":"Transform"}],"nm":"Group 2","bm":0,"hd":false},{"ty":"gr","it":[{"ind":0,"ty":"sh","ks":{"a":0,"k":{"i":[[-1.551,2.072],[-2.072,-1.55],[1.551,-2.073],[2.071,1.551]],"o":[[1.551,-2.072],[2.072,1.551],[-1.551,2.071],[-2.073,-1.55]],"v":[[1.535,-4.52],[8.094,-5.464],[9.038,1.096],[3.389,0.714]],"c":true}},"nm":"Path 1","hd":false},{"ind":1,"ty":"sh","ks":{"a":0,"k":{"i":[[-0.562,-1.209],[-4.022,-2.149],[0,0],[0,0],[2.133,2.263],[0,0],[1.533,4.145],[-1.528,-3.307],[8.126,14.796],[-4.904,-5.162],[9.362,9.584]],"o":[[2.023,4.361],[4.603,2.457],[0,0],[0,0],[-0.007,-20.41],[0,0],[-3.113,-8.42],[0.359,0.776],[-5.698,-10.377],[1.315,1.384],[-6.954,-7.119]],"v":[[-19.312,-5.015],[-4.793,9.268],[9.312,22.042],[19.874,10.695],[14.609,5.23],[-0.065,-9.328],[-1.748,-13.622],[-7.646,-13.133],[-8.399,-11.504],[-14.877,-10.465],[-12.122,-5.214]],"c":true}},"nm":"Path 2","hd":false},{"ty":"mm","mm":1,"nm":"Merge Paths 1","hd":false},{"ty":"fl","c":{"a":0,"k":[0.873935415231,0.657819022384,0.512799012427,1]},"o":{"a":0,"k":100},"r":1,"bm":0,"nm":"Fill 1","hd":false},{"ty":"tr","p":{"a":0,"k":[93.957,241.096]},"a":{"a":0,"k":[0,0]},"s":{"a":0,"k":[100,100]},"r":{"a":0,"k":0},"o":{"a":0,"k":100},"sk":{"a":0,"k":0},"sa":{"a":0,"k":0},"nm":"Transform"}],"nm":"Group 3","bm":0,"hd":false}],"ip":0,"op":90,"st":0,"bm":0},{"ddd":0,"ind":20,"ty":4,"nm":"shadow Outlines","sr":1,"ks":{"o":{"a":1,"k":[{"i":{"x":[0.9],"y":[1]},"o":{"x":[0.1],"y":[0]},"t":0,"s":[100]},{"i":{"x":[0.9],"y":[1]},"o":{"x":[0.1],"y":[0]},"t":45,"s":[40]},{"t":89,"s":[100]}]},"p":{"a":0,"k":[256,478.795,0]},"a":{"a":0,"k":[255.089,478.795,0]},"s":{"a":1,"k":[{"i":{"x":[0.9,0.9,0.9],"y":[1,1,1]},"o":{"x":[0.1,0.1,0.1],"y":[0,0,0]},"t":0,"s":[100,100,100]},{"i":{"x":[0.9,0.9,0.9],"y":[1,1,1]},"o":{"x":[0.1,0.1,0.1],"y":[0,0,0]},"t":45,"s":[85,85,100]},{"t":89,"s":[100,100,100]}]}},"ao":0,"shapes":[{"ty":"gr","it":[{"ind":0,"ty":"sh","ks":{"a":0,"k":{"i":[[0,-8.722],[47.298,0],[0,8.722],[-47.298,0]],"o":[[0,8.722],[-47.298,0],[0,-8.722],[47.298,0]],"v":[[85.64,0],[0,15.792],[-85.64,0],[0,-15.792]],"c":true}},"nm":"Path 1","hd":false},{"ty":"fl","c":{"a":0,"k":[0.553548356598,0.553548356598,0.553548356598,1]},"o":{"a":0,"k":100},"r":1,"bm":0,"nm":"Fill 1","hd":false},{"ty":"tr","p":{"a":0,"k":[255.089,478.795]},"a":{"a":0,"k":[0,0]},"s":{"a":0,"k":[100,100]},"r":{"a":0,"k":0},"o":{"a":0,"k":100},"sk":{"a":0,"k":0},"sa":{"a":0,"k":0},"nm":"Transform"}],"nm":"Group 1","bm":0,"hd":false}],"ip":0,"op":90,"st":0,"bm":0}]}